"","Code","CR_2011","CR_2012","CR_2013","CR_2014","CR_2015","VC_2012","VC_2013","VC_2014","VC_2015","MedPV","PCTMale","PCTFemale","PCTAg0_4","PCTAg5_17","PCTAg18_34","PCTAg35_64","PCTAg65Pls","PCTWhite","PCTBlack","PCTAsian","PCTHispLat","PCTothRace","PCTMCFamHH","PCTMaleHH","PCTFemalHH","PCTNoFamHH","PCT15Mried","PCT15Wid","PCT15Div","PCT15Septd","PCT15Nmary","PCT3PubSch","PCT3PvtSch","PCT25LT9th","PCT25NoHSD","PCT25HSgrad","PCT25SColl","PCT25Assoc","PCT25BSc","PCT25GrPls","PCT5SEngVW","PCT5SEgNVW","PCT5Eng","PCT5NonEng","PCT_BPL","PCT_APL","PCTHHFstmp","PCTHHNFStp","PCTILForce","PCT16Emp","PCT16Unemp","PCTioAgr","PCTioCnstr","PCTioManuf","PCTioWSTrd","PCTioRtl","PCTioTrans","PCTioInfo","PCTioFin","PCTioProf","PCTioEdu","PCTioArts","PCTioOthPA","PCTioPA","PCTioOmgt","PCTioOserv","PCTioOsale","PCTioOnres","PCTioOprod","PCTtLT10m","PCTt10_29m","PCTt30_59m","PCTt61mPls","PCTmtwCar","PCTmtwDaln","PCTmtwcpol","PCTmtwpubT","PCTmtwbus","PCTmtwEL","PCTmtwRail","PCTmtwtaxi","PCTmtwmcy","PCTmtwbike","PCTmtwwalk","PCTmtwothr","PCTmtwWFHm","PCTHUOcc","PCTHUOocc","PCTHURocc","PCTHUVcnt","PCTindCr","PCTnindCr","PCTvoted","PCTvoter"
"2","AI",165634,157405,146943,128656,122335,133964,126397,114332,110694,234400,49.59,50.41,5.24,14.83,24.34,41.85,13.74,59.93,0.68,4.85,33.51,1.03,49.43,5.63,13.7,31.24,48.05,7.05,7.86,1.93,35.11,73.1,26.9,8.92,7.68,32.72,19.6,7.54,16.49,7.12,75.55,24.45,44.63,55.37,11.2,88.8,10.38,89.62,67.99,68.67,21.3,0.04,9.06,10.98,3.08,11.05,6.94,3.17,6.39,9.95,19.19,9.95,5.67,4.53,26.95,20.74,26.07,12.18,14.05,4.2,30.22,49.1,16.48,81.36,71.01,10.35,13.27,7.92,3.83,1.52,0.03,0.38,0.58,2.23,0.85,1.31,90.89,64.42,26.47,9.11,41.6,58.4,44.40312811,0.527757546330015
"3","AL",120059,83297,572,50484,133366,78485,421,53116,153751,287577,50.97,49.03,7.71,14.74,28.64,37.11,11.79,38.06,3.92,16,39.91,2.12,46.31,7.37,10.94,35.37,45.72,4.72,7.95,1.92,39.68,68.99,31.01,13.02,7.88,19.22,16.03,4.94,24.56,14.36,69.03,30.97,39.9,60.1,16.71,83.29,14.13,85.87,70.05,71.03,20.29,0.24,5.5,8.89,1.79,8.9,4.9,1.51,6.36,12.05,23.3,16.83,6.69,3.06,37.68,24.79,18.82,6.9,11.81,5.32,30.33,49.59,14.75,60.07,51.44,8.62,28.44,10.99,14.99,2.16,0,0.09,1.03,5.6,0.55,4.23,91.03,42.08,48.94,8.97,42.2,57.8,46.9697627,0.360459115857949
"4","AR",101951,97256,93854,85217,82792,120173,110419,107148,108588,158438,50.13,49.87,6.74,21.45,26.18,34.94,10.68,19.3,3.45,2.38,74.52,0.36,51.22,9.86,18.26,20.67,44.14,5.19,6.68,2.31,41.67,84.68,15.32,19.9,11.83,35.46,17.06,5.45,7.78,2.52,66.46,33.54,23.34,76.66,15.78,84.22,18.77,81.23,64.79,65.04,22.65,0.5,7.72,17.1,3.56,11.16,6.24,1.84,5.02,12.01,13.99,12.54,5.05,3.29,15.32,24.7,22.57,12.52,24.89,5.27,36.02,44.97,13.74,78,62.85,15.14,16.3,8.03,7.64,0.32,0,0,0.34,3.95,0.31,1.1,91.17,63.58,27.58,8.83,42.47,57.53,45.04236875,0.430211606955793
"5","AT",9611,10010,9518,8509,6382,62058,63052,61270,58248,101183,43.7,56.3,8.63,26.22,22.87,33.14,9.14,7.84,74.3,0,17.21,0.65,19.43,8.28,40.58,31.71,21.36,6.31,10.57,3.59,58.17,90.36,9.64,7.73,12.91,35.74,28.07,5.68,7.55,2.35,94.36,5.64,86.57,13.43,44,56,43.24,56.76,58.75,58.95,24.12,0.38,3.32,11.85,2.46,14.35,7.9,2.53,5.22,7.48,27.89,6.56,2.11,7.94,17.61,29.1,27.47,6.45,19.37,5.95,29.68,35.63,28.73,67.28,58.72,8.56,23.66,17.16,2.57,3.46,0,0,0.12,4.12,0.14,4.69,76.81,28.03,48.78,23.19,34.44,65.56,41.16981908,0.543676297993629
"6","AU",25527,26524,22947,23394,22442,103092,89762,82548,79000,157010,44.18,55.82,7.52,19.11,24.16,36.99,12.22,2.34,92.98,0.15,3.99,0.55,19.23,6.42,38.86,35.48,19.38,6.73,9.1,3.62,61.19,89.38,10.62,5.78,19.48,36,22.62,6.8,6.6,2.66,98.1,1.9,95.41,4.59,33.33,66.67,39.94,60.06,53.11,53.45,24.72,0,1.37,8.5,1.27,12.34,9.21,2.62,5.34,11,30.27,7.1,4.35,6.62,19.68,29.74,29.92,2.86,17.8,3.36,28.98,46.74,20.92,56.33,49.43,6.91,35.37,28.96,5.85,0.37,0.64,0,0.09,3.3,0.97,3.29,82.69,25.7,56.99,17.31,29.1,70.9,46.6600642,0.67515159899472
"7","AV",71884,66885,58715,56819,49109,129318,124050,121867,111994,140881,44.72,55.28,5.33,15.63,19.81,41.05,18.18,1.41,96.27,0.28,1.27,0.77,20.75,6.68,30.4,42.17,23.65,10.23,13.34,4.81,47.97,79.8,20.2,3.66,9.08,25.81,31.92,8.14,13.06,8.34,98.79,1.21,95.53,4.47,24.36,75.64,31.66,68.34,58.25,58.69,24.06,0.04,3.04,5.59,1.33,7.52,9.69,1.61,8,11.68,32.63,7.94,3.46,7.46,30.84,28.25,24.48,4.59,11.84,4.4,27.71,41.87,26.02,63.47,55.52,7.95,30.45,24.76,3.05,2.65,0.05,0,0.18,2.14,0.56,3.15,81.24,40.46,40.77,18.76,37.13,62.87,54.57539343,0.756192612588636
"8","BA",40470,NA,20701,53777,46855,NA,23759,64753,65541,131014,50.82,49.18,8.72,24.89,26.22,34.11,6.07,4.85,11.81,2.4,80.32,0.62,46.99,10.91,19.36,22.74,41.48,3.69,5.51,3.61,45.71,91.74,8.26,31.32,13.59,34.55,11.59,2.77,4.17,2.05,61.44,38.56,23.28,76.72,33.2,66.8,35.8,64.2,62.45,62.82,23.22,0.44,8.23,20.13,3.85,9.46,5.95,1.51,2.55,12.21,10.8,15.97,7.61,1.29,10.58,27.35,19.1,13.16,29.81,4.15,34.69,46.63,14.53,71.15,55.05,16.1,19.52,12.9,5.49,0.61,0.03,0,1.21,5.84,0.45,1.79,79.48,30.88,48.59,20.52,38.06,61.94,32.37355002,0.390467650710443
"9","BE",106619,90701,81042,67760,64542,106271,102975,102260,99833,210422,45.35,54.65,5.36,16.66,18.45,42.67,16.85,26.15,68.13,0.26,4.19,1.27,45.31,4.61,20.88,29.2,41.76,7.21,9.99,2.11,38.96,63.1,36.9,2.26,5.05,23.77,26.7,6.42,18.51,17.24,98.41,1.59,94.87,5.13,10.65,89.35,13.01,86.99,61.68,62.21,23.31,0.08,4.1,3.8,1.48,6.94,7.65,2.49,8.15,10.63,31.91,6.07,4.43,12.3,44.3,20.5,20.63,5.97,8.61,4.89,31.22,45.73,18.16,72.92,64.81,8.11,21.29,8.72,3.37,9.11,0.04,0.11,0.28,1.2,0.14,4.01,91.27,70.72,20.55,8.73,40.14,59.86,66.54629351,0.712886155606407
"11","BL",128882,138346,129742,112996,101183,159881,139554,124567,114142,288885,47,53,5.9,11.61,33.08,35.48,13.93,30.68,51.84,9.44,5.18,2.86,22.98,2.66,13.51,60.86,29.26,5.09,11.82,2.95,50.9,40.51,59.49,2.47,4.79,10.93,16.37,4.1,24.37,36.95,94.47,5.53,80.54,19.46,22.67,77.33,15.04,84.96,62.6,63.36,22.94,0.09,1.16,2.95,1,5.8,3.97,2.42,7.76,13.58,45.26,7.18,4.94,3.88,61.55,13.18,19.04,1.97,4.26,7.14,49.59,32.24,11.03,40.04,34.9,5.15,31.97,24.03,4.67,3.24,0.44,0,3.25,16.67,0.92,6.71,86.94,27.99,58.94,13.06,46.81,53.19,62.40696395,0.646959070449074
"13","BP",99091,82400,76837,70790,66829,87430,82572,78415,73786,164573,51.95,48.05,7.48,23.51,26.44,36,6.57,6.77,1.13,6.5,85.41,0.19,51.54,12.09,16.59,19.78,44.26,4.29,5.68,2.55,43.19,91.38,8.62,32.15,13.15,31.26,10.68,5.46,5.28,2.06,57.8,42.2,15.27,84.73,25.66,74.34,26.6,73.4,65.45,65.62,22.5,0.17,6.44,20.36,3.83,9.57,5.54,1.8,3.36,11.44,10.06,18.51,7.73,1.19,11.71,26.13,20.53,11.15,30.48,3.35,32.98,47.2,16.48,76.68,58.89,17.8,17.32,10.98,5.3,0.51,0,0,0.7,3.42,0.73,1.15,85.04,42.29,42.75,14.96,39.35,60.65,32.80562885,0.347373566613031
"14","BR",16657,14813,14031,15377,14542,59365,56516,57173,50951,131492,43.09,56.91,4.91,18.57,22,37.41,17.11,0.36,96.73,0.25,1.46,1.19,21.11,6.03,36.82,36.04,21.66,10.05,11.11,4.35,52.85,86.55,13.45,4.29,12.63,33.38,28.1,7.15,9.52,4.93,99.51,0.49,96.8,3.2,29.47,70.53,31.32,68.68,56.07,56.34,24.48,0,2.21,5.39,1.67,8.5,12.21,2.6,6.87,8.5,30.29,10.03,5.22,6.5,26,27.41,29.41,4.63,12.54,2.65,29.21,43.1,25.04,62.25,54.93,7.32,32.43,23.43,5.58,3.42,0.08,0,0,1.56,0.94,2.75,84.61,40.52,44.1,15.39,35.92,64.08,53.22702332,0.793490979346377
"15","BT",173396,165941,143740,125727,124088,155436,135970,131628,120481,417209,50.89,49.11,7.39,9.26,43.85,33.14,6.36,61.31,5.2,4.28,26.5,2.71,31.43,2.93,8.68,56.96,34.84,3.03,6.95,1.32,53.87,63.27,36.73,5.57,3.96,11.29,11.53,3.73,40.86,23.07,86.81,13.19,71.8,28.2,13.52,86.48,8.33,91.67,80.84,81.44,15,0.13,2.94,6.45,2.41,8.44,3.48,3.37,11.11,21.55,20.3,13.22,4.17,2.43,56.12,14.29,21.07,2.89,5.63,4.42,43.76,41.43,10.4,50.47,44.33,6.14,32.51,8.66,22.09,1.65,0.33,0.18,3.99,5.15,0.45,6.91,92.08,37.56,54.52,7.92,58.27,41.73,45.94226734,0.589397332620249
"16","BU",160271,162754,154085,134406,107754,171706,173389,154304,131779,296444,51.46,48.54,7.71,13.71,27.62,40.04,10.92,46.4,6.57,24.65,19.26,3.12,45.69,4.47,11.05,38.8,48.5,4.1,8.62,1.63,37.19,71.15,28.85,9.77,5.73,17.74,18.02,5.23,28.35,15.15,73.92,26.08,42.6,57.4,19.74,80.26,14.76,85.24,69.46,69.64,21.09,0.3,4.94,7.4,1.68,12.19,6.82,2.02,8.08,11.36,23.88,11.75,6.36,3.23,41.64,18.87,21.81,5.99,11.7,5.62,29.72,50.71,13.94,68.33,57.87,10.46,20.84,9.69,9.77,1.38,0.24,0.04,1.23,5,0.59,3.73,87.01,36.11,50.9,12.99,35.69,64.31,45.64969511,0.456770833333333
"17","BZ",161803,177856,156844,133194,117706,185078,175006,145775,135725,289747,51.05,48.95,5.18,6.28,31.64,43.87,13.04,56.08,16.47,11.52,12.07,3.86,24.06,2.38,7.56,66,32.58,6.02,9.91,1.85,49.64,62.18,37.82,5.2,5.05,13.98,15.94,4.73,33,22.09,86.73,13.27,69.57,30.43,20.84,79.16,16.65,83.35,71.16,72.34,19.68,0.13,2.06,4.74,2.03,7.64,4.51,3.77,7.88,19.28,24.33,14.11,6.69,2.82,55.26,17.65,19.69,2.17,5.24,3.87,26.6,54.49,15.05,39.91,34.16,5.75,42.59,17.92,20.98,3.13,0.28,0.22,2.73,4.84,0.93,8.49,89.91,30.64,59.27,10.09,42.79,57.21,54.99077491,0.783293590577354
"18","CB",16129,17665,16617,19872,18805,72446,57931,61053,66538,180864,46.55,53.45,5.34,15.64,30.83,32.52,15.67,13.98,65.2,13.02,4.94,2.85,17.18,3.79,29.6,49.43,19.73,9.48,9.48,4.45,56.89,55.92,44.08,10.07,14.78,28.38,19.77,5.08,12.59,9.37,88.93,11.07,80.11,19.89,38.38,61.62,39.82,60.18,52.57,53.92,24.22,0.17,2.02,5,2.22,9.04,6.36,3.11,6.79,10.31,29.39,13.03,4.69,7.88,30.1,25.05,30.56,2.62,11.67,10.51,42.67,31.96,14.85,49,39.92,9.07,30.6,19.36,10.93,0.31,0.34,0,0.6,13.93,0.5,5.03,85.39,19.6,65.79,14.61,37.48,62.52,50.39525692,0.622519390211286
"19","CG",65939,65200,62841,54607,44938,95266,87997,83922,71913,128564,47.76,52.24,8.38,23.52,27.38,33.84,6.89,3.7,33.86,0.69,61.19,0.56,39.35,9.06,27.78,23.8,35.12,4.72,7.47,2.78,49.95,90.87,9.13,20.34,14.2,34.08,18.5,4.89,6.1,1.88,71.21,28.79,41.52,58.48,29.76,70.24,32.39,67.61,62.57,62.78,23.29,0.48,7.36,16.43,3.39,11.09,7.88,1.16,3.19,11.74,16.14,12.21,6.14,2.77,11.3,28.71,22.89,11.24,25.86,2.85,31.53,47.64,17.98,74.86,58.37,16.49,19.98,14.81,4.63,0.3,0,0.05,0.62,2.28,0.09,2.11,85.3,41.74,43.56,14.7,37.27,62.73,39.44850021,0.345586216813292
"20","CH",158449,142558,123889,104026,93103,255375,235057,228068,194063,254677,48.83,51.17,5.85,10.93,34.54,38.27,10.4,30.63,18.79,34.35,13.17,3.06,30.63,3.89,10.87,54.61,38.37,5.89,7.97,1.83,45.93,64.31,35.69,9.72,6.81,17.08,12.61,4.38,24.8,24.6,77.04,22.96,53.93,46.07,19.77,80.23,14.2,85.8,71.85,73.18,19.27,0.21,2.2,6.01,3.53,6.01,3.43,1.99,10.85,15.02,26.93,15.31,4.97,3.56,51.05,18.09,21,3.54,6.32,5.34,48.92,37.31,8.42,52.96,41.87,11.09,25.83,15.74,8.6,1.26,1.77,0,1.97,10.6,1.06,5.82,86.19,38.33,47.87,13.81,46.69,53.31,49.39224634,0.453985710689875
"21","CL",77943,69717,58650,50054,48062,103279,85359,81799,78399,167989,47.85,52.15,7.04,16.44,23.72,38.66,14.14,49.56,2.95,1.23,45.3,0.95,48.86,8.11,13.33,29.7,47.17,7.5,9.08,1.57,34.7,74.61,25.39,10.66,8.9,35.22,19.87,7.64,12.02,5.7,81.43,18.57,55.11,44.89,11.39,88.61,10.43,89.57,65.58,66.13,22.21,0.19,6.09,12.16,3.37,10.08,6.83,1.64,5.89,11.58,16.8,9.47,5.7,10.2,24.36,23.5,25.28,9.53,17.33,5.9,39.09,38.44,16.57,82.57,72.41,10.16,11.22,3.75,6.98,0.49,0,0,0.33,3.52,0.46,1.9,93.09,67.21,25.87,6.91,36.39,63.61,56.1494889,0.408505771583595
"22","CN",35681,38771,34058,28673,22869,56988,54427,46053,46114,136420,49.88,50.12,8.01,19.55,23.47,39.34,9.63,37.49,27.42,5.58,28.22,1.3,38.62,8.39,21.56,31.44,37.2,6.7,9.26,4.38,42.44,76.43,23.57,8.99,17.55,34.8,21.82,4.68,7.95,4.2,87.07,12.93,76.62,23.38,28.15,71.85,33.3,66.7,63.16,64.25,22.58,0.15,2.82,11.72,5.49,8.78,8.06,0.79,8.18,11.1,17.93,12.59,5.39,7,20.85,23.29,28.04,7.27,20.55,5.46,42.97,33.59,17.99,70.07,56.15,13.91,22.9,14.74,7.84,0,0.25,0,0.68,4.12,0,1.98,80.06,36.57,43.49,19.94,41.96,58.04,46.47330257,0.814569536423841
"23","CO",33980,37885,42099,40207,40712,119382,108949,105133,97525,187677,44.74,55.26,7.93,19.05,29.86,33.33,9.84,13.55,77.87,4.25,2.37,1.96,17.48,4.04,32.27,46.22,19.82,5.85,10.95,4.14,59.24,62.11,37.89,2.58,12.43,20.58,25.53,6.73,15.15,17.03,98.02,1.98,90.57,9.43,36.41,63.59,36.74,63.26,57.51,58.77,23.72,0.12,1.48,4.83,0.81,6.92,6.34,2.9,6.76,11.21,42.75,8.03,4.23,3.63,43.69,23.36,21.16,2.46,9.33,8.3,39.44,36.78,15.48,46.5,40.8,5.71,30.41,20.41,7.76,2.21,0.62,0,1.25,15.97,0.84,4.41,76.86,19.6,57.26,23.14,38.35,61.65,51.94554615,0.58418218251649
"24","DA",99302,97490,88066,84264,83127,105568,97447,94117,91527,270650,49.64,50.36,6.27,14.44,28.67,40.23,10.39,30.25,2.74,33.94,30.45,2.61,39.79,7.12,14.68,38.41,42.3,6.23,8.51,1.94,41.04,73.3,26.7,14.09,11.09,29.79,14.75,6.49,14.7,9.06,69.87,30.13,42.79,57.21,21.2,78.8,16.43,83.57,68.42,68.63,21.47,0.35,4.21,9.74,2.83,8.17,5.32,1.55,5.06,11.35,18.21,22.09,5.58,5.55,28.6,27.84,21.93,5.94,15.69,7.74,43.26,37.48,11.51,67.8,52.31,15.48,20.75,12.51,7.33,0.77,0.03,0.06,2.06,6.4,0.8,2.12,88.98,39.63,49.36,11.02,44.72,55.28,45.87336497,0.468149673503671
"25","DO",24191,26382,27561,22865,19617,107064,117124,119373,105992,150589,45.88,54.12,7.97,24.87,27.18,32.53,7.46,2.61,91.47,0.24,4.73,0.95,14.06,7.34,46.64,31.96,14.56,6.68,8.01,3.95,66.77,92.99,7.01,6.15,18.51,33.58,25.53,5.97,6.93,3.3,97.79,2.21,94.54,5.46,44.8,55.2,56.94,43.06,47.5,48.11,24.65,0.12,3.22,6.38,0.87,8.58,10.7,1.55,4.9,9.98,32.17,10.99,4.61,5.91,21.92,30.39,26.68,4.31,16.71,6.86,31.21,43.99,17.95,54.47,48.38,6.09,31.61,24.44,5.23,0.93,0.05,0,0.56,3.41,4.22,5.66,75.79,15.43,60.36,24.21,27.36,72.64,44.43898444,0.642192184294956
"26","DU",60892,91703,82464,74067,64074,136061,147673,152336,138540,233982,48.12,51.88,6.05,13.93,23.09,41.99,14.94,67.26,1.67,4.07,26.3,0.7,49.52,6.32,12.68,31.48,49.98,7.62,8.8,1.52,32.07,71.79,28.21,6.27,7.89,32.85,21.48,8.51,15.83,7.16,78.27,21.73,47.37,52.63,11.71,88.29,7.14,92.86,66.34,67.08,21.84,0.15,8.93,11.54,2.56,11.49,6.34,1.99,6.05,12.35,19.23,8.3,4.66,6.4,26.8,21.92,26.81,11.4,13.06,3.15,30.02,49.77,17.06,87.13,77.78,9.35,9.46,6.14,2.05,1.27,0,0.14,0.27,1.67,0.61,0.73,92.9,68.87,24.03,7.1,37.55,62.45,45.57400047,0.50024561978058
"27","ED",129288,118511,111693,107462,103432,111025,103175,101986,96146,362871,48.9,51.1,7.5,16.73,16.98,42.5,16.29,72.07,0.68,10.81,14.12,2.32,58.17,3.5,7.87,30.46,57.97,7.1,7.15,0.92,26.89,58.07,41.93,4.29,3.72,20.42,16.7,6.43,29.43,19.04,88.36,11.64,65.61,34.39,6.26,93.74,6.4,93.6,67.48,67.56,21.89,0.29,5.42,6.47,2.58,11.21,5.07,2.22,7.52,13.35,22.87,6.86,8.26,7.88,44.6,19.32,20.99,6.97,8.12,5.04,40.3,42.84,11.82,79.41,71.1,8.31,12.96,3.36,5.27,4.33,0,0,0.44,2.14,0.6,4.46,93.38,71.31,22.07,6.62,40.88,59.12,55.93668654,0.719925039293918
"28","EG",76930,15798,125353,194415,186613,NA,125575,195906,190385,255921,49.82,50.18,4.81,7.16,34.75,40.75,12.54,55.82,13.05,11.33,16.35,3.44,25.38,3.44,6.25,64.93,31.27,4.93,10,1.87,51.93,43.79,56.21,5.6,4.06,14.13,17.15,4.84,30.58,23.63,86.75,13.25,66.03,33.97,17.49,82.51,11.11,88.89,69.02,69.93,20.75,0.1,1.33,4.86,1.77,9.29,3.86,2.79,8.93,15.47,26.97,14.54,6.6,3.5,50.71,19.59,21.2,2.11,6.39,5.92,28.44,50.58,15.06,41.82,34.84,6.99,41.53,16.42,22.1,2.56,0.37,0.23,1.87,7.35,0.79,6.04,88.4,33.27,55.13,11.6,43.21,56.79,57.78409091,0.497698458831477
"29","GA",33978,35028,29392,24471,22602,60462,55339,50849,46106,133300,50.92,49.08,8.32,24.29,27.68,33.1,6.61,3.33,12.12,0.84,83.6,0.12,48.9,12.39,18.81,19.9,40.79,4.22,6.1,2.33,46.58,94.49,5.51,32.79,14.62,30.05,11.74,4.76,4.55,1.52,60.79,39.21,20.34,79.66,26.16,73.84,33.56,66.44,66.07,66.24,22.31,0,7.1,22.55,4.21,9.79,5.22,0.88,3.26,12.48,10.97,16.48,5.58,1.49,9.46,28.57,18.62,12.18,31.18,2.34,30.71,49.93,17.01,74.71,53.02,21.69,21.08,13.03,7.34,0.33,0,0.11,0,2.3,0.18,1.62,86.83,43.97,42.86,13.17,38.37,61.63,37.06107814,0.394498097746561
"30","GG",29922,40445,34959,33138,27683,97102,70560,73434,48990,145177,43.73,56.27,7.27,19.54,22.95,38.79,11.44,1.15,94.4,0.62,2.49,1.35,14.53,5.37,30.96,49.13,17.71,8.24,13.02,4.83,56.22,83.41,16.59,3.64,12.5,27.09,29.19,6.95,12.43,8.2,98.7,1.3,95.52,4.48,36.78,63.22,42.3,57.7,59.68,60.03,23.85,0,2.05,4.82,1.86,7.99,9.12,3.51,5.7,10.95,34.18,8.4,5.31,6.1,33.15,27.14,25.37,3.3,11.05,4.75,33.46,40.75,21.03,57.46,50.69,6.77,32.37,23.85,5.75,2.77,0.17,0.2,0,4.57,0.56,4.67,76.89,20.16,56.73,23.11,36.93,63.07,48.94854378,0.535635964912281
"31","GM",9218,10319,12759,10848,11238,8465,8567,12699,20112,202320,49.62,50.38,7.69,19.41,24.11,38.57,10.22,26.51,13.02,3.97,54.08,2.42,44.28,7.38,15.68,32.66,42.22,6.37,7.99,2.87,40.55,82.63,17.37,11.5,12.31,27.92,21.28,6.66,12.73,7.54,76.87,23.13,38.61,61.39,15.56,84.44,17.37,82.63,67.41,67.61,21.83,0.7,8.1,13.96,2.43,13.19,7.02,1.01,5.34,10.08,19.74,8.55,5.14,4.74,24.76,16.39,29.4,10.87,18.58,3.89,27.41,53.1,15.6,79.44,68.43,11.01,13.08,9.33,1.57,2.18,0,0.05,0.58,2.64,1.8,2.41,91.26,57.35,33.91,8.74,48.78,51.22,43.74770978,0.726788508272579
"32","GR",84481,81344,75119,69786,65412,87976,89551,88472,78562,183686,48.86,51.14,6.06,16.26,21.29,42.18,14.21,56.47,0.18,0.21,42.35,0.8,52.12,6.9,11.3,29.68,48.6,7.65,8.36,1.42,33.96,60.52,39.48,8.15,7.4,33.62,20.2,8.27,14.65,7.71,86.53,13.47,60.84,39.16,5.46,94.54,7.66,92.34,67.2,67.33,21.95,0.16,6.62,9.59,2.87,8.61,8.09,1.46,7.15,10.72,18.51,7.8,5.23,13.2,28.58,21.83,25.31,9.55,14.72,7.01,36.15,41.55,15.3,85.68,75.98,9.7,11.05,3.81,6.47,0.77,0,0,0.1,2.09,0.15,0.93,95.51,78.31,17.2,4.49,36.42,63.58,56.23480551,0.60835002310892
"34","HA",33396,30459,26954,24974,20255,74350,70308,80641,67517,160950,43.14,56.86,8.09,19.51,23.21,36.12,13.07,2.88,92.59,0.33,2.49,1.71,13.45,4.55,31.34,50.66,18.1,8.38,12.32,5.11,56.1,82.25,17.75,4.52,13.07,25.08,27.81,5.55,13.18,10.82,98.71,1.29,96.25,3.75,36.43,63.57,39.95,60.05,60.25,61.77,23.03,0.11,2.1,5.25,1.64,9.34,5.91,2.26,8.74,14.11,29.8,7.26,4.55,8.93,35.51,24.29,27.48,3.33,9.39,5.41,36.38,39.72,18.49,60.03,52.81,7.22,32.96,19.42,11.99,0.95,0.45,0,0.1,3.35,0.3,2.8,79.16,19.28,59.89,20.84,39.91,60.09,54.87608626,0.617378221868968
"35","HE",41436,38680,36109,35545,31759,60533,57800,63226,58666,128000,49.29,50.71,7.27,18.83,20.37,37.68,15.86,32.95,16.4,0.13,49.92,0.6,39.65,8.27,20.11,31.97,40.08,7.37,9.25,0.98,42.3,83.08,16.92,10.87,9.27,33.71,23.84,6.49,10.94,4.88,89.51,10.49,66.87,33.13,23.71,76.29,18.07,81.93,57.37,57.47,24.4,0,6.16,14.87,2.02,10.81,8.59,2.47,3.51,6.09,24.37,5.55,5.28,10.27,19.94,25.08,23.44,10.44,21.11,9.12,35.81,40.37,14.71,77.93,67.97,9.96,17.52,9.96,0.61,6.56,0,0,0.13,2.77,0,1.66,88.45,58.91,29.53,11.55,35.61,64.39,43.62139918,0.618615751789976
"36","HU",84825,15947,67949,76142,76278,24562,76747,91119,92710,256562,50.14,49.86,6.81,17.81,33.11,35.05,7.22,22.79,12.23,1.62,61.36,2.01,31.89,6.71,20.24,41.15,32.52,3.91,7.65,2.29,53.61,82.55,17.45,15.08,8.81,26.99,16.95,4.92,18.31,8.94,74.71,25.29,46.16,53.84,26.6,73.4,21.74,78.26,66.42,66.92,21.97,0.23,5.84,10.92,2.55,10.19,6.05,2.41,6.33,12.84,18.96,15.27,5.72,2.7,32.88,21.04,23.09,7.13,15.87,3.48,41.42,43.27,11.83,59.51,49.48,10.02,26.13,13.82,11.3,0.74,0.01,0.21,4.44,3.71,1.5,4.5,86.51,30.4,56.11,13.49,39.49,60.51,38.65349747,0.389749502538449
"37","IN",125886,121415,111576,95965,70943,100325,77028,66164,65153,277091,50.57,49.43,7.96,15.37,30.55,37.96,8.16,34.08,3.17,6.29,54.17,2.29,41.29,7.7,12.94,38.07,41.89,4.37,7.45,2.76,43.57,80.52,19.48,14.92,9.88,24.42,15.66,4.4,19.99,10.75,68.39,31.61,39.65,60.35,17.52,82.48,13.66,86.34,71.26,71.72,20.15,0.21,4.77,10.84,1.91,10.08,6.47,2.04,6.19,13.14,17.94,16.78,6.45,3.18,30.68,24.24,21.73,6.96,16.4,3.49,35.11,47.44,13.96,61.04,51.55,9.49,28.35,10.81,15.59,1.7,0.09,0.1,1.12,4.15,0.8,4.36,90.75,36.05,54.7,9.25,46.43,53.57,45.01940853,0.372296847708559
"38","JE",123076,115937,101269,99639,95066,111314,109663,102652,95539,277890,48.85,51.15,6.02,15.14,21.71,43.95,13.18,65.03,1.53,7.22,24.12,2.09,46.65,3.8,12.61,36.94,47.64,6.12,9.49,1.52,35.29,67.38,32.62,6.43,5.76,27.38,19.16,9,21.96,10.32,82.23,17.77,53.33,46.67,11.61,88.39,10.27,89.73,69.91,70.11,20.9,0.4,6.02,9.52,2.41,9.98,6.76,2.7,7.93,12.84,19.46,8.99,7.19,5.8,32.53,22.26,23.52,8.74,12.96,4.78,34.02,47.1,14.11,75.81,65.15,10.66,16.94,6.21,7.6,3.13,0.03,0.33,0.85,1.96,0.77,3.31,92.22,54.32,37.9,7.78,41.44,58.56,48.24816847,0.641162712996993
"39","JM",18319,17437,15343,14421,11663,76182,71388,69267,72326,125843,44.87,55.13,4.89,17.31,19.87,39.81,18.11,3.41,75.95,0.23,19.39,1.02,27.93,4.28,33.88,33.91,28.35,9.59,12.93,3.31,45.83,88.78,11.22,7.4,8.79,28.82,29.98,8.15,9.56,7.33,92.79,7.21,80.9,19.1,22.05,77.95,24.4,75.6,56.45,56.67,24.46,0,3.02,8.1,2.29,7.92,11.27,2.62,7.97,9.67,28.47,6.38,5.33,6.95,29.66,27.18,24.39,3.83,14.93,5.5,30.74,37.94,25.82,73.71,61.54,12.16,21.44,17.23,0.74,3.27,0,0,0.42,1.02,0.32,3.1,88.84,59.32,29.52,11.16,37.41,62.59,50.68974844,0.795338831122266
"41","KE",17348,18651,15927,14163,12921,59981,62671,69170,61921,127419,43.27,56.73,9.71,21.69,24.98,34.01,9.61,1.9,93.35,0.55,2.45,1.75,11.36,6.88,44.31,37.45,14.22,7.36,11.09,3.93,63.44,90.84,9.16,5.37,20.33,31.5,27.74,6.7,6.25,2.1,98.26,1.74,95.95,4.05,49.28,50.72,50.59,49.41,52.12,52.57,24.72,0.12,2.13,6.08,1.23,9.03,10.03,1.86,5.89,9.59,29.76,12.53,7.38,4.37,20.81,35.9,23.03,4.29,15.97,4.35,28.99,42.75,23.91,51.02,44.46,6.56,39.61,29.7,9.21,0.48,0.28,0,0.09,3.98,0.41,4.61,68.99,15.64,53.35,31.01,35.33,64.67,43.67929864,0.519567027477102
"42","KI",36280,40645,39416,36725,33625,86875,83527,80619,73038,223593,41.57,58.43,4.59,13.83,29.54,36,16.03,8.78,78.35,8.99,1.89,1.99,14.26,1.75,23.99,60,19.79,8.58,12.52,5.5,53.66,57.93,42.07,5.02,10.44,18.72,23.61,5.96,19.72,16.54,93.91,6.09,84.92,15.08,31.56,68.44,29.21,70.79,57.41,59.82,23.07,0.11,1.71,3.93,1.43,6.13,5.5,3.18,9.54,13.9,35.24,7.03,3.96,8.33,44.72,19.11,27.22,3.05,5.89,5.34,38.59,43.47,12.6,52.95,47.69,5.26,33.89,26.92,5.88,1.08,0.24,0,0.43,7.19,0.25,5.05,86.3,18.52,67.79,13.7,42.72,57.28,59.31588976,0.707563301545544
"43","LB",194268,194225,175304,164597,151626,177687,160834,155901,149576,495881,50.2,49.8,8.97,9.69,43.18,33.18,4.97,80.54,1.51,4.35,10.89,2.71,40.39,2.36,4.63,52.63,42.88,2.11,4.68,0.5,49.82,44.94,55.06,1.57,2.3,6.86,8.98,2.71,47.38,30.22,95.8,4.2,85.93,14.07,7.98,92.02,3.03,96.97,84.85,85.08,12.66,0.07,2.12,5.85,2.6,7.94,2.16,3.52,14.25,25.42,20.51,9.01,3.93,2.62,62,9.73,23.77,1.88,2.63,3.71,33.14,51.13,12.03,51.53,44.85,6.68,34.49,5.08,28.07,1.17,0.25,0.07,1.9,4.04,0.71,7.01,90.32,43.63,46.69,9.68,58.75,41.25,53.49762405,0.538855475495742
"44","LE",18487,21379,19211,18396,15884,113541,99843,96924,87848,164311,47.17,52.83,9.54,22.93,25.06,32.88,9.6,2.02,89.43,0.19,7.86,0.5,16.54,9.67,42.35,31.45,17.32,7.59,8.51,4.21,62.36,93.52,6.48,7.55,20.51,36.27,22.91,5.74,4.7,2.32,97.43,2.57,92.84,7.16,43.5,56.5,51.9,48.1,47.49,48.49,24.46,0,2.38,9.53,2.05,11.04,12.48,2.01,5.53,10.4,28.33,8.63,4.15,3.46,19.52,28.86,26.32,3.46,21.84,6.21,32.2,40.68,20.91,57.39,51.3,6.08,31.55,28.05,3.05,0.14,0,0,0.55,3.02,4.4,3.09,77.3,21.44,55.87,22.7,26.34,73.66,42.72742559,0.571793934965291
"45","LG",155741,166815,141476,132692,127480,181891,157496,153357,145077,312308,50.6,49.4,7.04,13.5,36.39,35.26,7.81,38.14,4.34,2.31,53.28,1.93,33.73,5.66,13.91,46.7,35.47,3.87,6.97,1.77,51.92,77.21,22.79,11.38,7.12,25.62,15.08,4.24,24.65,11.9,75.67,24.33,52.44,47.56,20.25,79.75,10.96,89.04,71.24,71.83,20.07,0.13,3.97,11.1,1.79,9.62,5.27,3.24,6.9,15.16,18.03,15.6,6.68,2.5,37.79,20.4,22.25,5.93,13.63,3.01,43.17,43.42,10.4,55.41,47.8,7.61,31.08,10.43,19.41,0.96,0.18,0.12,3.62,3.68,0.87,5.04,89.52,33.32,56.2,10.48,50.51,49.49,44.6894653,0.454879186720361
"46","LI",140877,131883,121675,113381,104515,146111,128190,128311,121396,543153,50.66,49.34,6.68,8.23,49.54,28.9,6.64,80.58,3.94,5.3,7.86,2.32,34.21,1.2,3.53,61.06,35.66,2.12,4.8,0.95,56.47,28.44,71.56,1.9,1.71,4.91,6.76,2.55,45.91,36.27,96.79,3.21,87.09,12.91,11.74,88.26,3.4,96.6,78.98,79.79,15.96,0.09,2.09,4.25,2.01,7.09,2.19,3.22,16.07,29.39,19.35,8.8,3.25,2.18,64.96,8.13,23.45,1.53,1.94,5.71,44.8,38.74,10.75,42.35,37.57,4.77,39.06,8.11,29.36,1.41,0.95,0.1,2.2,6.98,1.27,7.1,92.7,44.53,48.17,7.3,61.91,38.09,54.27958409,0.527098738581992
"47","LO",75042,79020,74556,68087,62690,175853,177691,171644,149543,235021,51.56,48.44,6.69,16.98,32.89,33.81,9.63,14.69,10.78,8.8,64.52,1.22,29.71,10.09,16.24,43.97,33.17,4.71,7.6,3.48,51.04,82.89,17.11,20.84,11.66,25.95,14.31,4.87,15.26,7.1,66.98,33.02,33.13,66.87,28.06,71.94,24.23,75.77,68.13,68.64,21.37,0.24,4.42,13.91,4.02,7.88,4.85,1.41,3.91,11.01,19.41,20.05,5.94,2.94,28.12,26.48,20.17,6.57,18.67,6.31,41.59,39.22,12.88,57.98,44.78,13.21,29.59,17.64,10.25,1.04,0.29,0,3.18,5.88,0.86,2.22,87.7,25.39,62.31,12.3,39.64,60.36,38.95590575,0.46242404101785
"48","LV",42276,137397,105316,89523,78186,162471,155070,143467,138219,151239,56.88,43.12,7.53,19.58,33.18,33.5,6.2,4.8,21.4,0.35,72.84,0.61,37.17,12.44,25.24,25.15,29.16,3.52,5.55,3.38,58.4,90.7,9.3,28.79,20.22,27.85,11.31,3.79,5.4,2.65,65.06,34.94,32.36,67.64,33.7,66.3,35.83,64.17,52.71,62.62,19.7,0.14,6.21,21.86,4.64,9.52,4.85,0.78,3.08,13.36,12.98,14.67,5.75,2.17,12.59,24.84,21.3,9.69,31.58,6.64,31.27,44.86,17.23,64.09,44.75,19.34,23.3,13.22,8.69,0.74,0.02,0.05,1.57,6.73,1.86,2.37,81.02,23.65,57.37,18.98,36.08,63.92,33.9880327,0.3485813457313
"49","MA",66018,72003,78316,68141,54234,71208,73445,74554,61646,282193,49.55,50.45,6.61,16.34,22.52,43.02,11.52,46.58,3.08,15.1,32.8,2.44,49.47,4.63,12.86,33.04,50.35,5.22,8.83,1.77,33.89,70.65,29.35,9.76,7.1,22.79,16.45,6.92,23.72,13.29,74.53,25.47,43.72,56.28,13.27,86.73,11.41,88.59,69.84,70.05,20.92,0.47,5.72,10.79,2.09,9.93,6.3,2.7,5.92,14.15,21.11,11.52,5.46,3.82,35.65,22.37,20.86,7.67,13.46,4.67,34.47,45.9,14.96,67.72,57.37,10.36,21.84,8.75,10.24,2.71,0.15,0.05,0.84,3.02,1.06,5.31,92,51.99,40.01,8,47.81,52.19,50.65823934,0.515870442426863
"50","MC",101381,103679,91012,81179,72635,120318,110391,111008,97104,194082,58.17,41.83,6.46,16.41,33.55,36.55,7.04,14.11,16.32,10.75,57.88,0.94,42.39,9.09,19.39,29.13,32.97,4.32,6.6,3.3,52.8,86.06,13.94,20.27,19.09,30.67,13.5,3.91,8.24,4.32,71.07,28.93,38.33,61.67,22.75,77.25,23.13,76.87,51.58,64.97,18.07,0.46,5.31,14.41,5.97,10.06,5.18,1.11,4.98,12.02,13.57,18.72,5.69,2.54,19.25,25.18,23.39,8.95,23.23,5.77,37.14,43.07,14.01,66.01,49.74,16.28,24.78,14.22,9.71,0.71,0,0,1.66,4.97,0.41,2.16,85.01,39.97,45.04,14.99,44.81,55.19,39.05052645,0.371645557896687
"51","ME",127160,122224,106150,99051,91474,126589,105628,110383,108022,364458,49.86,50.14,3.87,4.63,53.67,29.42,8.4,79.5,3.5,7.28,6.83,2.89,20.23,1.29,2.08,76.41,27.41,2.14,6.04,0.78,63.64,34.04,65.96,0.56,1.48,6.04,8.95,3.31,45.52,34.14,96.21,3.79,83.86,16.14,12.81,87.19,2.66,97.34,81.54,82.13,14.57,0.21,1.12,4.06,1.75,6.46,2.75,3.32,13.12,29.12,22.12,9.76,4.18,2.03,64.06,9.36,23.17,0.88,2.53,4.23,36.89,48.25,10.63,31.06,26.91,4.15,52.22,27.99,23.26,0.72,0.88,0.05,2.07,6.63,0.67,6.43,91.05,31.34,59.71,8.95,54.42,45.58,57.92077877,0.472984660781969
"52","MM",44701,39005,32941,33834,33295,95948,98194,103462,110116,265260,49.07,50.93,6.3,16.05,35.2,33.69,8.77,24.95,51.47,5,17.19,1.4,20.94,6.19,18.69,54.17,23.43,4.9,9.43,3.31,58.93,78.21,21.79,6.71,10.01,23.05,17.11,6.03,22.28,14.78,91.44,8.56,78.49,21.51,31.04,68.96,26.08,73.92,64.8,66.73,21.56,0.13,2.18,6.93,2.16,8.92,5.46,2.51,7.39,14.76,27.74,11.92,4.92,4.99,44.41,20.68,22.67,2.32,9.92,10.09,43.72,33.45,12.74,52.9,46.12,6.78,29.31,19.26,8.86,0.95,0.71,0.04,2.9,8.96,0.76,4.41,87.76,25.55,62.21,12.24,44.05,55.95,43.90507498,0.768275384881508
"53","MT",88689,83835,83611,77568,73506,89772,89365,81734,76990,226944,50.32,49.68,7.22,18.48,22.16,41.02,11.12,79.61,8.8,1.49,9.2,0.92,53.4,4.1,11.85,30.65,50.28,6.4,8.39,1.4,33.51,51.7,48.3,2.7,3.89,26.12,24.02,8.21,22.25,12.79,97.32,2.68,90.87,9.13,5.39,94.61,3.99,96.01,68.55,68.71,21.45,0.13,5.93,5.17,1.78,8.28,7.98,0.84,6.43,7.45,27.51,7.82,2.96,17.72,36,23.47,22.96,8.38,9.2,9.96,33.58,43.35,13.12,86.42,80.31,6.1,7.87,0.79,0.96,6.13,0,0.16,0.22,2.24,0.97,2.11,92.59,76.58,16,7.41,39.32,60.68,66.47266215,0.518543238537435
"54","NoA",32757,30266,25542,24046,21804,81819,69749,81047,69178,174615,49.6,50.4,7.65,20.79,25.39,37.12,9.05,4.08,44.71,0.7,49.77,0.74,36.06,11.48,29.41,23.05,32.47,4.55,8.3,3.43,51.23,90.64,9.36,16.21,17.81,31.66,19.2,6.33,6.49,2.29,77.73,22.27,51.77,48.23,26.07,73.93,29.65,70.35,62.58,63.34,22.94,0.37,5.05,19.59,3.23,12.82,6.8,1.61,4.86,8.93,18.71,9.23,5.04,3.75,14.74,25.14,25.36,6.25,28.51,3.25,27.8,48.92,20.03,74.21,60.47,13.73,19.07,15.3,2.91,0.85,0.07,0.02,0.52,2.57,1.58,1.96,87.87,38.37,49.5,12.13,31.94,68.06,42.87562672,0.465769729110796
"55","NN",154238,152210,136669,118941,110292,159358,152057,145752,141469,429524,46.52,53.48,4.64,5.86,44.88,33.93,10.68,73.85,10.66,7.3,5.74,2.45,23.83,1.2,3.77,71.21,32.97,2.63,9.45,0.96,53.98,43.42,56.58,1.29,1.78,6.46,9.7,2.72,43.26,34.82,95.58,4.42,83.19,16.81,13.2,86.8,6.62,93.38,79.86,80.91,15.24,0.15,2.17,5.37,2.31,5.8,2.07,3.84,17.99,28.95,18.64,7.68,3.1,1.94,64.51,8.63,23.24,1.51,2.12,6.05,56.71,27.11,10.13,32.87,28.69,4.18,30.82,14.87,14.48,1.23,3.58,0.1,2.34,22.03,0.83,7.44,89.79,36.14,53.65,10.21,53.38,46.62,55.3433614,0.58305285126609
"56","NO",145006,145148,135506,118786,108104,147213,149861,143396,127941,244442,49.49,50.51,7.09,18.24,22.43,37.22,15.02,46.22,7.94,26.04,17.02,2.77,49.78,4.6,11.54,34.08,50.46,6.75,7.76,1.51,33.54,68.11,31.89,10.36,6.67,20.74,16.68,4.82,26.94,13.75,71.75,28.25,39.54,60.46,17.58,82.42,17.56,82.44,62.14,62.86,23.08,0.24,2.9,9.4,2.47,13.46,7.96,1.37,6.31,9.02,25.05,11.46,7.8,2.57,36.1,21.18,23.4,4.85,14.48,9.33,36.12,41.48,13.06,69.15,58.42,10.73,17.13,11.29,3.73,2.11,0.39,0.17,0.91,7.04,0.82,4.39,88.75,45.06,43.69,11.25,41.18,58.82,46.14579439,0.382399611167498
"57","NP",59678,69427,55332,46920,44186,85503,72508,69095,65016,200243,50.31,49.69,8.5,21.15,28.39,34.77,7.19,7.01,17.17,0.65,74.11,1.06,38.3,9.46,26.31,25.93,35.35,3.98,7.08,3.31,50.28,89.07,10.93,21.51,13.91,32.48,16.55,4.83,8.08,2.64,68.77,31.23,33.22,66.78,28.95,71.05,30.21,69.79,63.57,64.19,22.76,0,5.91,18.62,2.6,12.06,6.4,1.43,4.5,9.4,15.94,14.73,6.04,2.38,15.39,26.19,24.92,8.2,25.29,4.15,33.26,44.69,17.9,69.76,57.68,12.07,20.79,15.7,4.23,0.71,0.06,0.04,1.4,2.98,2.68,2.28,85.34,33.47,51.87,14.66,36.21,63.79,33.52427639,0.432696203436688
"58","OR",139626,119814,101827,93258,87674,106954,108232,99172,87813,293683,49.57,50.43,6.36,15.34,17.9,43.22,17.18,82.1,0.57,5.33,10.03,1.98,53.87,3.82,8.02,34.29,55.81,7.76,8.49,1.64,26.27,72.95,27.05,3.86,4.56,26.02,20.28,7.48,23.11,14.68,84.56,15.44,62.06,37.94,10.37,89.63,4.79,95.21,63.84,64.66,22.56,0.16,5.9,10.76,2.12,9.86,8.97,2.07,7.62,12.79,20.65,7.23,5.17,6.71,36.77,17.62,21.51,8.01,16.09,7.47,38.62,43.95,9.96,82.86,75.38,7.48,10.35,1.32,6.05,2.99,0.1,0,0.21,1.64,1.1,3.75,93.09,69.94,23.15,6.91,36.97,63.03,52.40948688,0.364532471823488
"59","PO",118133,114825,99876,90457,83419,101836,93646,89454,89481,236041,49.53,50.47,7.38,18.67,26.54,38.17,9.23,24.19,1.94,3.3,68.96,1.61,46,8.82,18.2,26.98,42.91,5.1,8.35,3.3,40.35,85.98,14.02,18.5,13.44,30.91,16.57,4.96,10.64,4.98,64.5,35.5,25.95,74.05,17.84,82.16,18.2,81.8,69.52,69.83,20.98,0.15,7.62,16.93,2.95,12.02,6.33,1.69,5.12,10.06,15.95,13.11,5.5,2.57,19.37,25.1,22.59,9.91,23.03,2.96,28.73,48.73,19.58,76.04,61.32,14.72,17.53,12.11,4.28,1.11,0,0.03,0.62,2.29,1.13,2.37,89.56,44.95,44.62,10.44,39.51,60.49,39.54584907,0.450257190236277
"60","PU",25807,25883,23411,21773,17280,80553,73518,78436,70647,117165,43.58,56.42,6.73,18.98,22.43,36.05,15.81,2.31,92.88,0.3,3.95,0.57,23.18,5.83,35.17,35.82,23.79,7.7,12.72,4.36,51.44,86.98,13.02,6.11,12.41,27.96,29.39,7.25,11,5.91,97.88,2.12,95.15,4.85,32.72,67.28,36.9,63.1,54.48,55.12,24.45,0,2.26,5.83,1.26,10.16,11.7,1.97,6.58,10.35,33.1,6.22,3.95,6.62,26.72,27.5,26.69,4.08,15.01,3.41,29.13,40.17,27.29,64.34,55.65,8.69,27.94,19.4,4.92,3.56,0.05,0,0.33,3.71,0.43,3.19,81.09,40.41,40.68,18.91,35.13,64.87,47.68885311,0.870044418231749
"61","PW",45047,47047,43308,38887,37918,NA,NA,NA,NA,440277,47.11,52.89,3.03,2.07,43.58,33.84,17.47,72.51,5.34,13.19,6.7,2.26,26.41,0.94,1.38,71.27,37.89,4.21,9.66,0.44,47.8,28.57,71.43,0.76,0.86,4.55,11.34,2.95,42.34,37.2,94.46,5.54,77.47,22.53,9.97,90.03,3.12,96.88,71.29,71.93,20.01,0.13,1.59,4.79,1.63,5.69,2.79,3.36,20.55,27.04,20.75,5.67,3.66,2.36,66.7,7.02,23.79,0.79,1.7,9.22,59.8,23.08,7.9,26.97,24.57,2.4,22.3,12.15,9.06,1.09,5.58,0,1.1,35.91,0.99,7.15,81.24,31.41,49.83,18.76,59.66,40.34,57.35025272,0.561924041453908
"62","RG",190842,196863,155304,136193,129316,224982,199262,173227,167983,197079,49.67,50.33,6.95,13.47,30.79,39.57,9.22,40.81,22.67,10.52,23.12,2.88,29.11,4.14,11.17,55.59,34.52,4.07,9.69,2.96,48.76,65.75,34.25,9.3,6.07,20.01,17.13,4.52,25.53,17.43,81.82,18.18,56.06,43.94,23.49,76.51,18.03,81.97,68.76,69.61,20.89,0.18,3.64,6.25,1.7,10.74,5.68,2.24,6.31,11.38,28.75,13.76,6.8,2.56,39.57,23.5,21.21,4.44,11.28,7.46,31.97,43.85,16.72,49.43,40.78,8.64,34.64,13.26,16.31,4.58,0.47,0.1,1.86,7.4,1.04,5.07,86.2,27.75,58.45,13.8,39.23,60.77,52.52629236,0.415403996625175
"63","RM",38311,72620,57346,52533,41193,167023,160754,141116,125056,211144,48.5,51.5,8.25,20.03,29.47,34.46,7.79,18.22,55.21,0.9,23.82,1.85,21.23,8.05,28.6,42.12,22.72,5.92,8.54,3.72,59.07,88.18,11.82,8.8,14.2,28.96,20.36,4.63,15.86,7.21,90,10,75.25,24.75,33.13,66.87,39.15,60.85,58.54,61.55,22.51,0.16,3.72,7.59,2.91,10.78,8.25,1.8,6.39,11.88,25.27,12.44,6.26,2.55,30.26,24.74,25.57,5.1,14.32,4.73,39.62,38.43,17.22,58.89,51.26,7.62,26.85,21.28,5,0.28,0.23,0,3.58,4.47,1.52,4.47,82.84,24.19,58.65,17.16,30.31,69.69,41.66875574,0.554438472942921
"64","RO",84755,83108,75176,68912,70980,104244,85272,65238,71517,323436,49.07,50.93,5.45,15.29,17.35,43.89,18.01,82,0.97,4.37,11.22,1.44,52.99,4.36,8.21,34.44,53.11,9.02,7.72,1.24,28.9,60.43,39.57,4.21,4.39,23.49,21.24,7.6,25.09,14.05,89.82,10.18,73.99,26.01,5.32,94.68,3.82,96.18,65.08,65.8,22.25,0.31,6.11,8.56,2.39,8.87,5.76,2.53,8.24,12.71,21.52,7.25,5.14,10.61,39.37,19.36,23.34,7.89,10.05,8.24,35.51,44.03,12.21,81.52,72.25,9.27,11.77,2.67,5.09,4.01,0,0,0.37,2.36,0.58,3.4,92.52,74.55,17.97,7.48,38.21,61.79,54.9908518,0.646240756728351
"65","RS",89642,85743,78582,71714,64809,115236,108388,99513,95037,337408,50.69,49.31,5.12,6.16,53.17,30.53,5.02,52.58,15.06,17.9,12.12,2.34,28.04,2.66,6.74,62.56,32.66,1.88,6.71,1.36,57.37,64.65,35.35,2.44,3.09,7.63,9.17,2.97,38.42,36.26,92.78,7.22,72.47,27.53,19.65,80.35,5.95,94.05,76.66,77.77,17.04,0.11,1.99,5.99,2.27,6.22,2.41,2.3,13.57,23.44,26.07,7.75,3.95,3.93,64.18,10.16,21.53,1.37,2.75,8.64,52.91,27.21,11.23,42.11,36.94,5.16,21.98,12.13,7.01,2.67,1.2,0,2.37,25.93,1.01,5.4,90.22,37.85,52.37,9.78,54.02,45.98,48.51001924,0.498841210759183
"67","SC",59737,54344,45859,46698,40221,81518,74019,72170,64392,159055,48.44,51.56,7.13,21.04,24.7,38.69,8.44,21.42,25.02,0.93,51.59,1.03,51.08,6.97,20.02,21.94,44.28,6,7.54,1.53,40.64,85.38,14.62,14.18,10.07,33.43,20.07,7.33,10.81,4.08,78.39,21.61,48.87,51.13,16.91,83.09,16.58,83.42,65.73,65.86,22.44,0.03,5.54,12.87,3.3,11.22,8.75,1.68,6.05,10.48,18.61,10.03,4.23,7.21,20.02,22.97,26.71,8.51,21.79,4.11,34.9,45.59,15.39,85.86,72.15,13.71,11.4,6.69,3.32,1.34,0,0.17,0.06,1.32,0.08,1.11,93.12,76.98,16.14,6.88,46.69,53.31,47.35070096,0.310356641200452
"68","SH",19818,20988,18023,13035,11559,66547,77392,70749,70100,105060,47.91,52.09,8.9,23.43,25.64,33.13,8.9,3.99,68.1,0.95,25.66,1.3,22.81,10.93,38.29,27.96,22.4,6.67,7.89,4.56,58.49,92.2,7.8,13.46,18.31,36.63,21.47,4.58,4.46,1.12,86.33,13.67,74.45,25.55,44.96,55.04,46.22,53.78,56.99,57.69,24.11,0.42,7.34,11.21,2.95,10.69,8.6,1.05,3.71,10.65,20.72,12.67,6.16,3.82,12.88,30.77,26.18,11.86,18.31,4.26,28.86,43.84,23.03,58.42,50.04,8.38,34.36,26.44,7.85,0.07,0.44,0,0.21,3.82,0,2.75,68.04,27.77,40.27,31.96,31.81,68.19,38.84678258,0.786006307674337
"69","SO",54168,50846,47291,40343,34270,110518,106912,99358,90234,113771,47.34,52.66,8.73,21.49,23.25,34.93,11.6,4.77,54.76,0.27,39.5,0.7,31.96,6.61,27.41,34.02,31.99,6.35,10.53,3.23,47.89,87.27,12.73,13.3,13.98,29.1,24.13,6.11,8.19,5.23,85.14,14.86,62.95,37.06,33.18,66.82,33.54,66.46,57.01,58.01,23.94,0,5.91,11.04,2.13,9.65,7.24,1.6,5.6,9.5,23.66,10.2,7.52,5.96,18.86,29.33,23.21,9.52,19.09,6.5,28.11,43.5,21.89,69.41,56.69,12.72,23.99,17.97,2.2,3.39,0.35,0,0.29,2.16,0.91,2.89,74.88,32.93,41.95,25.12,33.12,66.88,43.55822375,0.54361790302528
"70","SS",41954,51046,39087,47425,41383,101449,92988,118945,110308,175917,44.19,55.81,7.39,16.49,22.59,39.7,13.83,2.13,91.63,0.41,3.9,1.93,15.83,5.11,27.47,51.6,20.17,8.34,13.38,5.13,52.98,77.3,22.7,4.61,10.68,25.44,30.24,7.13,13.18,8.78,97.13,2.87,91.92,8.09,30.84,69.16,36.72,63.28,59.47,60.1,23.73,0.2,2.04,4.34,0.75,9.82,9.68,1.97,7.5,10.62,32.58,9.22,4.75,6.54,29.86,29.53,25.6,3.87,11.13,3.65,31.21,42.45,22.68,58.35,51.46,6.88,32.99,27.04,3.15,2.67,0.59,0,0.17,3.29,0.75,3.87,77.36,20.81,56.55,22.64,36.14,63.86,52.54702561,0.542777805997189
"71","TH",39535,40525,39252,35971,32661,151225,123092,131875,112840,117635,44.48,55.52,7.29,19.13,23.07,36.47,14.03,0.56,96.08,0.15,1.73,1.48,18.34,7.06,38.13,36.47,19.34,8.84,11.32,5.07,55.47,90.32,9.68,4.7,16.05,33.07,27.01,6.98,7.9,4.3,99.35,0.65,97.69,2.31,33.9,66.1,38.5,61.5,54.22,54.64,24.6,0.08,1.67,5.91,1.84,11.57,11.12,2.38,5.79,10.42,29.4,9.32,4.45,6.06,22.16,29.38,29.97,3.6,14.89,2.69,29.75,43.61,23.95,57.07,49.18,7.88,35.03,26.46,7.41,1.11,0.13,0,0.02,2.85,0.96,3.94,78.11,30.11,48,21.89,37.1,62.9,46.84461203,0.688540830443917
"72","TO",135191,123962,105097,86599,78780,104775,94826,74783,108732,144167,49.79,50.21,9.67,22.16,27.1,33.16,7.92,2.16,25.47,0.16,71.91,0.3,41.96,9.71,25.66,22.67,35.65,5.45,4.73,3.9,50.29,90.92,9.08,29.99,16.26,27.94,14.72,4.37,5.27,1.43,65.29,34.71,32.43,67.57,34.21,65.79,36.15,63.85,58.96,59.5,23.88,0.17,6.85,21.14,4.56,11.83,6.07,1.6,3.2,10.66,14.06,12.95,5.02,1.89,11.52,24.82,20.79,10.24,32.64,5.6,35.77,39.02,19.61,70.48,50.98,19.5,16.5,11.05,4.68,0.34,0.19,0,0.38,7.92,1.02,3.51,79.56,30.59,48.97,20.44,37.37,62.63,39.44255982,0.431064124098409
"73","UP",109341,104178,94280,88574,87694,149748,148527,146465,139932,360653,51.03,48.97,5.32,5.98,44.71,35.11,8.88,65.64,13.25,7.11,10.34,3.66,21.65,1.85,4.43,72.07,28.7,3.95,7.94,1.89,57.53,44.32,55.68,2.89,3.4,10.96,13,3.88,40.55,25.33,91.19,8.81,76.3,23.7,17.76,82.24,10.15,89.85,79.84,80.66,15.44,0.2,1.1,5.43,1.85,8.13,4.22,2.93,11.47,24.73,20.81,11.61,4.91,2.6,56.52,13.86,23.21,1.17,5.23,3.01,29.18,55.37,12.44,36.98,33,3.97,47.37,24.21,21.77,1.12,0.59,0.08,2.53,4.04,0.86,7.56,90.01,32.56,57.45,9.99,44.37,55.63,53.1634507,0.812288665956771
"74","VO",72016,65363,62382,52719,51649,101439,93044,88817,85304,120625,48.76,51.24,8.2,22.2,22.49,36.24,10.87,21.39,2.96,0.15,75.24,0.27,50.47,6.2,19.03,24.31,45.86,6.07,8.04,1.84,38.16,85,15,17.26,10.82,34.84,18.88,5.17,8.71,4.32,76.45,23.55,36.73,63.27,21.69,78.31,18.17,81.83,62.86,63.19,23.14,0.12,7.26,15.7,3.58,8.82,5.67,1.54,4,8.18,21.46,11.95,6.46,5.26,19.3,25.33,21.04,11.43,22.9,9.35,38.4,37.11,15.14,82.49,68.04,14.45,12.69,8.1,0.68,3.84,0,0,0.26,3.03,0,1.52,87.35,59.85,27.49,12.65,29.22,70.78,35.3894081,0.376054358013121
"77","WA",47634,44724,38898,30576,26952,64253,61259,61004,58754,217555,46.36,53.64,6.19,17.77,19.12,41.24,15.69,38.15,56.99,0.23,2.68,1.96,41.17,4.89,20.88,33.06,38.28,7.85,12.06,2.26,39.53,59.22,40.78,2.25,5.62,21.74,24.69,9.35,20.53,15.82,99.3,0.7,96.97,3.03,15.19,84.81,14.71,85.29,61.61,63.12,22.72,0.14,4.84,4.43,1.99,6.32,6.12,1.65,6.39,9.92,33.43,7.11,3.94,13.74,40.81,21.35,23.79,7.21,6.85,6.8,33.23,43.64,16.33,76.09,70.93,5.16,17.35,5.35,1.86,9.88,0,0.19,0.38,2.09,0.64,3.25,89.32,67.05,22.27,10.68,39.93,60.07,62.98492022,0.722960533885629
"78","WB",123909,123819,108176,93990,85968,127718,110832,115403,116149,216491,49.71,50.29,7.65,17.09,26.04,38.98,10.24,36.81,3.74,3.27,54.84,1.34,46.23,10.57,16.44,26.75,44,5.9,8.36,2.74,38.98,82.84,17.16,12.71,12.03,32.86,18.8,7.25,11.02,5.37,68.15,31.85,30.69,69.31,14.61,85.39,14.04,85.96,69.81,69.92,21,0.45,9.04,14.73,2.64,12.12,6.96,2.41,4.65,11.28,17.33,8.84,5.95,3.58,20.7,23.28,24.64,11.82,19.56,3.15,26.12,54.08,16.65,81.95,68.91,13.04,11.54,8.89,1.39,1.26,0,0.13,0.52,2.99,1.49,1.38,90.65,57.47,33.19,9.35,40.8,59.2,38.94848447,0.581732426303855
"79","WC",22091,22987,25076,20629,17285,66244,167398,96703,79053,155708,47.75,52.25,8.43,21.29,23.83,34.47,11.98,1.41,82.81,0.22,14.84,0.72,23.49,8.78,40.59,27.14,22.8,7.06,8.34,3.91,57.89,90.91,9.09,9.13,20.1,36.27,21.21,5.32,5.4,2.54,94.6,5.4,86.66,13.34,35.18,64.82,43.78,56.22,51.79,52.6,24.54,0.09,2.51,11.24,2.49,10.54,11.8,2.18,3.64,10.86,27.88,8.03,3.92,4.84,20.71,27.45,24.52,3.67,23.65,5.8,31.55,42.02,20.63,64.13,55.23,8.9,27.94,23.61,3.68,0.28,0.78,0,0.23,2.64,2.27,2.02,84.09,33.39,50.7,15.91,30.34,69.66,43.40920735,0.63257558220288
"80","WE",94922,89173,79704,72153,67124,108275,99552,97240,87815,150700,49.87,50.13,6.97,22.29,26.74,35,8.99,22.51,2.3,0.83,74.08,0.27,52.88,9.42,16.02,21.68,45.77,5.79,6.81,2.05,39.58,83.55,16.45,19.6,11,33.54,18.77,6.29,8.25,2.54,69.9,30.1,27.43,72.57,16.48,83.52,16.77,83.23,66.07,66.27,22.29,0.31,8.27,14.54,4.72,10.22,7.99,1.63,5.66,11.16,14.09,11.66,5.93,3.83,17.7,22.33,21.54,11.64,26.8,5.59,32.45,45.78,16.18,82.68,70.02,12.66,13.02,6.08,5.99,0.63,0,0.02,0.28,2.66,0.21,1.13,92.61,67.17,25.44,7.39,46.86,53.14,49.04569837,0.420930110444052
"81","WP",40144,42265,35415,30407,27604,97058,87157,86807,84450,121775,45.78,54.22,5.32,20.42,21.53,37.5,15.22,3.1,89.84,0.17,5.78,1.12,28.9,7.8,31.3,32.01,27.93,9,12.68,3.4,46.98,84.58,15.42,4.46,10.77,33.18,28.3,6.57,10.15,6.57,97.88,2.12,94.08,5.92,28.2,71.8,28.95,71.05,56.57,57.17,24.23,0.04,3.05,6.54,2.31,9.25,12.31,3.9,7.31,8.87,29.37,5.51,4.08,7.47,25.87,24.68,27.13,6.57,15.75,5.06,32.03,38.91,24,71.6,65.14,6.46,20.34,12.18,2.73,4.9,0.06,0.09,0.32,2.63,0.81,4.14,84.56,56.13,28.43,15.44,35.4,64.6,49.04917684,0.7737374984566
"82","WR",42257,42802,38359,36329,31962,85520,75981,81744,72437,150300,47.84,52.16,6.24,18.63,23.77,40.86,10.5,6.6,72.13,0.87,19.27,1.14,41.41,7.08,25.55,25.97,36.27,5.85,9.86,2.17,45.83,82.81,17.19,5.96,6.95,30.13,28.48,7.8,14.29,6.37,92.72,7.28,81.46,18.54,14.4,85.6,19.61,80.39,64.12,64.43,22.81,0.09,2.58,7.72,2.15,10.48,12.28,1.67,5.15,10.68,24.15,7.88,5.55,9.63,24.67,26.6,25.46,5.36,17.91,2.56,32.56,46.8,18.08,79.19,69.7,9.5,16.97,11.14,4.05,1.71,0.34,0.09,0,1.19,0,2.21,93.15,70.47,22.68,6.85,39.16,60.84,54.64868701,0.505924596050269
"83","WT",122088,118488,106199,92772,82789,140847,141413,136774,132616,398267,50.46,49.54,6.45,6.96,48.53,32.35,5.71,62.24,9.2,4.75,21.2,2.62,29.48,2.95,8.02,59.55,33.3,2.87,6.91,0.99,55.94,60.13,39.87,6.42,3.61,9.76,9.68,3.31,41.73,25.51,88.31,11.69,73.96,26.04,14.45,85.55,8.54,91.46,82.4,82.88,14.11,0.13,3.24,6.5,3.06,7.82,2.95,3.66,10.91,23.01,20.72,11.62,3.53,2.86,58.54,12.61,21.41,2.78,4.65,7.15,47.47,34.9,10.48,46.39,40.85,5.54,32.31,14.26,16.47,1.49,0.94,0.26,4.35,8.09,0.76,6.88,91.85,35.19,56.66,8.15,59.34,40.66,45.46639884,0.514794187544219
"84","WW",23258,25714,22947,22214,20104,91701,145214,122965,133046,98678,46.07,53.93,7.96,20.46,25.42,35.58,10.58,1.52,82.97,0.62,13.69,1.2,23.14,7.08,38.5,31.28,21.87,7.88,9.69,2.99,57.58,91.02,8.98,7.81,16.89,36.81,24.81,4.87,6.49,2.33,93.71,6.29,86.56,13.44,39.27,60.73,41.38,58.62,56.37,57.04,24.22,0.04,5.04,10.42,1.98,10.09,10.13,1.14,3.8,11.28,25.52,8.71,6.86,4.99,15.21,32.16,23.82,7.97,20.84,3.78,26.61,46.99,22.63,62.77,52.61,10.16,29.61,22.83,6.48,0.29,0.17,0,0.33,3.11,0.41,3.61,77.81,32.94,44.88,22.19,33.13,66.87,41.94861589,0.515458148752623
"85","WY",37399,40079,36869,31993,27729,124491,107966,115750,100223,131679,43.67,56.33,5.78,17.48,20.97,40.93,14.83,0.74,96.84,0.21,1.01,1.21,17.53,6.53,30.93,45.01,20.58,9.22,13.53,4.53,52.14,83.56,16.44,3.27,9.7,27.84,27.3,8.78,15.03,8.07,98.73,1.27,96.44,3.56,29.2,70.8,31.77,68.23,58.79,59.22,23.98,0,1.29,6.95,1.7,8.78,10.99,1.71,6.79,10.66,31.91,7.62,4.39,7.21,28.08,27.61,26.86,3.22,14.23,3.97,30.39,39.58,26.07,61.29,54.33,6.95,31.3,22.18,7.21,1.62,0.29,0.14,0.08,2.22,0.27,4.43,79.13,30.84,48.28,20.87,40.82,59.18,54.02027705,0.696363350401063
"86","H0",966720,937649,821749,755189,694528,1699892,1529577,1406877,1293976,205775,48.54,51.46,6.79,15.74,29.76,36.9,10.82,32.95,30.64,5.68,29,1.73,32.97,5.41,16.97,44.64,35.26,5.52,8.69,2.53,48,74.02,25.98,9.33,9.08,23.51,18.11,5.47,20.72,13.79,83.87,16.13,63.64,36.36,21.94,78.06,18.99,81.01,66.28,45.18,21.11,0.16,4.03,9.25,2.38,9.14,5.99,2.36,8.14,15.15,22.64,11.2,5.25,4.31,37.74,20.51,23.1,5.58,13.07,5.43,36.5,42.85,15.22,59.67,50.76,8.92,26.52,13.62,10.79,1.91,0.53,0.07,1.4,6.55,0.89,4.35,86.54,39.37,47.17,13.46,37.66,62.34,49.09293181,0.485988034566807
"87","S1",619734,615032,556898,490667,454520,554642,538548,485942,436977,264600,49.66,50.34,6.7,13.69,32.92,36.69,10,44.31,16.77,7.36,29.49,2.07,33.74,4.69,12.35,49.22,37.17,4.63,7.91,2.09,48.2,70.19,29.81,8.8,7.82,20.11,15.41,4.87,25.86,17.14,82.16,17.84,59.8,40.2,19.42,80.58,14.42,85.58,69.5,49.7,19.81,0.17,3.78,8.95,2.36,9.06,5.06,2.57,9.16,17.16,21.63,11.57,5.24,3.3,43.01,18.3,22.74,4.78,11.17,5.48,37.56,43.19,13.77,55.36,47.24,8.13,28.3,13.02,13.29,1.77,0.71,0.09,1.78,7.67,1.08,5.01,88.19,38.1,50.09,11.81,39.98,60.02,48.4823884,0.463719889563599
"88","W1",125056,127502,106316,105925,91916,516044,411538,328740,331842,146950,46.76,53.24,6.93,19,24.71,37.23,12.12,14.79,52.79,3.01,28.22,1.19,31.55,6.75,25.57,36.13,32.06,7.01,9.98,3.28,47.66,79.08,20.92,10.24,11.27,29.45,22.83,6.53,11.74,7.94,86.61,13.39,69.77,30.23,25.97,74.03,27.5,72.5,60.85,37.55,23.3,0.15,4.56,9.89,2.43,9.32,7.99,1.9,5.94,10.82,46.41,11.53,4.83,2.44,3.02,12.24,11.73,11.08,3.39,5.33,34.25,42.11,18.32,69.08,58.44,10.65,22.63,14.92,5.32,2.21,0.13,0.04,0.56,4.13,0.5,2.92,83.63,41.6,42.03,16.37,41.96,58.04,49.95992472,0.521553295790625
